journal,count,Rank,Journal Impact Factor,Eigenfactor Score
journal of reconstructive microsurgery,1,6400,1.841,0.00297
journal of gastroenterology and hepatology,27,2554,3.437,0.01524
the korean journal of gastroenterology = taehan sohwagi hakhoe chi,7,,,
"cancer epidemiology, biomarkers & prevention : a publication of the american association for cancer research, cosponsored by the american society of preventive oncology",13,,,
"clinical nutrition (edinburgh, scotland)",2,,,
pharmaceutics,3,1529,4.421,0.004079999999999999
the journal of obstetrics and gynaecology research,2,,,
cancer medicine journal,1,,,
frontiers in genetics,8,2835,3.258,0.02623
oncotargets and therapy,11,2715,3.337,0.021730000000000003
the journal of rheumatology,1,,,
genomics,3,747,6.205,0.00579
gastroenterology,29,110,17.373,0.10403
bmc cancer,76,2994,3.15,0.054979999999999994
cellular and molecular gastroenterology and hepatology,6,584,7.076,0.0064
world journal of surgical oncology,26,5961,1.963,0.00855
bmc ophthalmology,1,8131,1.413,0.0069900000000000006
revista de gastroenterologia del peru : organo oficial de la sociedad de gastroenterologia del peru,5,,,
clinical nuclear medicine,11,671,6.587,0.0062
intestinal research,1,,,
updates in surgery,11,4161,2.587,0.002
pathologica,2,,,
ame case reports,1,,,
frontiers in oncology,15,1248,4.848,0.02805
asian journal of endoscopic surgery,9,,,
cancer management and research,19,3472,2.886,0.00575
international journal of surgery case reports,17,,,
european urology focus,1,1262,4.827,0.0054
technology in cancer research & treatment,13,5590,2.074,0.00278
cancers,36,766,6.126,0.01874
annals of surgical oncology,56,1827,4.061,0.044180000000000004
journal of gastrointestinal surgery : official journal of the society for surgery of the alimentary tract,13,,,
international journal of molecular sciences,45,1445,4.556,0.14376
plos one,61,3805,2.74,1.38886
international journal of clinical and experimental pathology,6,12547,0.252,0.020569999999999998
surgical and radiologic anatomy : sra,2,,,
annals of surgical treatment and research,5,8322,1.367,0.00225
gastric cancer : official journal of the international gastric cancer association and the japanese gastric cancer association,61,,,
"pathobiology : journal of immunopathology, molecular and cellular biology",2,,,
clinical journal of gastroenterology,25,,,
international journal of computer assisted radiology and surgery,1,4454,2.473,0.00554
nature communications,18,227,12.121,1.2595100000000001
annals of diagnostic pathology,6,6274,1.877,0.00217
lasers in medical science,2,4782,2.342,0.0067
international journal of gynecological cancer : official journal of the international gynecological cancer society,1,,,
clinical endoscopy,4,,,
zhonghua bing li xue za zhi = chinese journal of pathology,18,,,
endoscopy,19,538,7.341,0.015619999999999998
cancer,7,881,5.742,0.06552000000000001
cureus,16,,,
evidence-based complementary and alternative medicine : ecam,8,,,
xi bao yu fen zi mian yi xue za zhi = chinese journal of cellular and molecular immunology,2,,,
annals of translational medicine,16,2778,3.297,0.01434
"in vivo (athens, greece)",10,,,
international journal of environmental research and public health,7,3540,2.849,0.06155
international journal of environmental research and public health,7,3540,2.849,0.06155
the american surgeon,12,,,
journal of korean medical science,7,6940,1.705,0.00885
gut,12,89,19.819,0.07131
archives of environmental & occupational health,1,9132,1.18,0.001
translational oncology,3,2392,3.558,0.00557
parasitology international,1,6318,1.866,0.00454
molecular and clinical oncology,8,,,
journal of cardiology cases,1,,,
frontiers in pharmacology,6,1672,4.225,0.04233
world journal of gastroenterology,54,2251,3.665,0.0676
journal of clinical pathology,14,4480,2.46,0.007370000000000001
kyobu geka. the japanese journal of thoracic surgery,5,,,
clinical gastroenterology and hepatology : the official clinical practice journal of the american gastroenterological association,9,,,
medical image analysis,2,262,11.148,0.0171
trends in pharmacological sciences,1,192,13.503,0.01778
european radiology,7,1782,4.101,0.033260000000000005
health services research,1,4755,2.351,0.01439
health services research,1,4755,2.351,0.01439
bioengineered,2,5179,2.205,0.00161
current pharmaceutical design,2,5173,2.208,0.01878
zhonghua wai ke za zhi [chinese journal of surgery],8,,,
surgical case reports,18,,,
nan fang yi ke da xue xue bao = journal of southern medical university,9,,,
neurogastroenterology and motility : the official journal of the european gastrointestinal motility society,2,,,
anticancer research,67,5854,1.994,0.02231
journal of ovarian research,2,3293,2.989,0.00371
klinicka onkologie : casopis ceske a slovenske onkologicke spolecnosti,5,,,
yonsei medical journal,6,6124,1.914,0.00547
clinical and translational gastroenterology,6,1923,3.968,0.00518
journal of breath research,1,3386,2.929,0.00339
aging,21,,,
oncoimmunology,1,838,5.869,0.029410000000000002
tumori,5,,,
acta gastro-enterologica belgica,4,11267,0.658,0.00042
current genomics,1,4055,2.63,0.00207
cell death & disease,18,730,6.304,0.059660000000000005
"clinical and experimental hypertension (new york, n.y. : 1993)",1,,,
cancer research and treatment : official journal of korean cancer association,14,,,
international journal of cancer,23,1091,5.145,0.06495
surgical endoscopy,29,,,
international journal of applied & basic medical research,1,,,
zhonghua yi xue za zhi,12,,,
annali italiani di chirurgia,6,11538,0.588,0.00073
iscience,1,1517,4.447,0.00414
biomed research international,27,4967,2.276,0.09837
world journal of clinical cases,18,9794,1.013,0.00297
medicine,138,7540,1.552,0.08555
jama,2,,,
bmc medical genetics,7,7418,1.585,0.00502
annals of internal medicine,2,72,21.317,0.09121
zhonghua liu xing bing xue za zhi = zhonghua liuxingbingxue zazhi,6,,,
integrative cancer therapies,2,4685,2.379,0.00238
the ochsner journal,1,,,
international journal of clinical oncology,18,3484,2.879,0.00636
cancer medicine,42,2485,3.491,0.01788
journal of participatory medicine,1,,,
peerj,5,4685,2.379,0.06285
gastroenterology research and practice,5,6543,1.806,0.00607
zhonghua wei chang wai ke za zhi = chinese journal of gastrointestinal surgery,88,,,
journal of clinical medicine,10,2770,3.303,0.01094
journal of laparoendoscopic & advanced surgical techniques. part a,11,,,
american journal of physiology. gastrointestinal and liver physiology,4,,,
world neurosurgery,3,6453,1.829,0.03465
journal of minimal access surgery,3,9191,1.168,0.00119
radiation research,3,3973,2.657,0.00534
frontiers in cell and developmental biology,1,1071,5.201,0.0114
american journal of translational research,2,2652,3.375,0.014219999999999998
ideggyogyaszati szemle,1,,,
general thoracic and cardiovascular surgery,1,9517,1.088,0.0024
computational and structural biotechnology journal,4,801,6.018,0.00498
journal of cancer,9,2382,3.565,0.01355
experimental cell research,9,2634,3.383,0.018359999999999998
puerto rico health sciences journal,1,12094,0.435,0.00025
gut microbes,2,485,7.74,0.00884
anatomical science international,1,7710,1.512,0.00112
international journal of surgical pathology,6,10365,0.872,0.00186
khirurgiia,7,,,
cancer epidemiology,21,5266,2.179,0.008020000000000001
acta cirurgica brasileira,1,9946,0.974,0.0015199999999999999
emergency radiology,1,,,
journal of gastric cancer,19,5871,1.989,0.00141
gut and liver,19,3010,3.141,0.00471
cell communication and signaling : ccs,4,,,
nutrients,16,1450,4.546,0.06394
japanese journal of clinical oncology,11,6124,1.914,0.0063
endoscopy international open,6,,,
evolutionary bioinformatics online,1,,,
indian journal of surgical oncology,5,,,
bmc surgery,22,6133,1.912,0.0035
annals of gastroenterological surgery,6,,,
visceral medicine,3,6040,1.941,0.00099
world journal of gastrointestinal oncology,8,3446,2.898,0.00268
scientific reports,64,1895,3.998,1.23118
the lancet. oncology,17,,,
der internist,3,,,
journal of traditional chinese medicine = chung i tsa chih ying wen pan,3,,,
bmc public health,4,4314,2.521,0.0755
"diagnostics (basel, switzerland)",3,,,
the american journal of surgical pathology,15,,,
the british journal of surgery,14,,,
medical dosimetry : official journal of the american association of medical dosimetrists,1,,,
monographs in clinical cytology,1,,,
the journal of pathology,6,,,
international journal of epidemiology,2,496,7.707,0.04913
journal of family medicine and primary care,2,,,
annals of medicine and surgery (2012),4,,,
pharmacogenomics and personalized medicine,1,,,
"oral surgery, oral medicine, oral pathology and oral radiology",1,,,
esophagus : official journal of the japan esophageal society,3,,,
european journal of radiology,3,3912,2.687,0.01715
"international journal of surgery (london, england)",15,,,
gene,20,3304,2.984,0.030860000000000002
journal of surgical oncology,40,3741,2.771,0.016069999999999997
the american journal of case reports,7,,,
cancer science,21,1175,4.966,0.01875
none,20,,,
journal of digestive diseases,3,6812,1.736,0.0025399999999999997
"modern pathology : an official journal of the united states and canadian academy of pathology, inc",5,,,
diagnostic pathology,12,4798,2.335,0.00507
the journal of international medical research,7,,,
the journal of pediatrics,1,,,
the oncologist,10,,,
pakistan journal of medical sciences,2,10859,0.754,0.0037799999999999995
oncology letters,11,4859,2.311,0.03701
chinese journal of cancer research = chung-kuo yen cheng yen chiu,6,,,
cirugia y cirujanos,4,12529,0.264,0.0003
mbio,5,635,6.784,0.0761
journal of gastrointestinal cancer,12,,,
biological research,4,3100,3.092,0.00221
cells,8,1572,4.366,0.006659999999999999
nuclear medicine communications,2,8458,1.334,0.0031100000000000004
future microbiology,1,3427,2.907,0.007559999999999999
journal of gastrointestinal oncology,16,4278,2.536,0.00455
pathology,5,2146,3.744,0.00486
complementary therapies in medicine,1,5626,2.063,0.00392
phytomedicine : international journal of phytotherapy and phytopharmacology,5,,,
bmc complementary medicine and therapies,3,,,
radiology case reports,2,,,
cancer cell international,6,1719,4.175,0.00598
bmc palliative care,2,5781,2.015,0.00395
bmc palliative care,2,5781,2.015,0.00395
vnitrni lekarstvi,1,,,
value in health : the journal of the international society for pharmacoeconomics and outcomes research,1,,,
surgical innovation,4,7952,1.458,0.00246
nature genetics,3,45,27.603,0.2079
asian journal of surgery,16,6411,1.838,0.00146
current problems in cancer,2,2829,3.264,0.00144
molecular cancer,5,146,15.302,0.02399
life sciences,24,2276,3.647,0.01914
european journal of cancer prevention : the official journal of the european cancer prevention organisation (ecp),6,,,
annals of surgery,6,309,10.13,0.0614
journal of biological regulators and homeostatic agents,7,7748,1.506,0.00282
science advances,3,201,13.116,0.17206
annals of palliative medicine,3,7020,1.681,0.00173
"pathology, research and practice",31,,,
langenbeck's archives of surgery,9,,,
gastrointestinal endoscopy,17,618,6.89,0.027960000000000002
the international journal of eating disorders,1,,,
bmj open,15,4392,2.496,0.12547
bmj case reports,22,,,
journal of breast cancer,2,5063,2.241,0.0019399999999999999
american journal of cancer research,1,1077,5.177,0.01217
wideochirurgia i inne techniki maloinwazyjne = videosurgery and other miniinvasive techniques,2,,,
world journal of gastrointestinal surgery,1,6324,1.863,0.0021
acg case reports journal,4,,,
"clinics (sao paulo, brazil)",1,,,
journal of the formosan medical association = taiwan yi zhi,2,,,
the korean journal of internal medicine,7,,,
fems microbiology ecology,1,2240,3.675,0.016
journal of biochemical and molecular toxicology,2,2340,3.606,0.00246
journal of the college of physicians and surgeons--pakistan : jcpsp,2,,,
zhongguo zhong yao za zhi = zhongguo zhongyao zazhi = china journal of chinese materia medica,5,,,
supportive care in cancer : official journal of the multinational association of supportive care in cancer,6,,,
surgical oncology,12,,,
current opinion in gastroenterology,4,2889,3.225,0.00464
obesity surgery,7,2593,3.412,0.01916
bioscience reports,13,3362,2.942,0.009590000000000001
case reports in oncology,3,,,
reports of practical oncology and radiotherapy : journal of greatpoland cancer center in poznan and polish society of radiation oncology,2,,,
journal of ethnopharmacology,3,2226,3.69,0.02342
health physics,3,10434,0.853,0.00206
croatian medical journal,1,8822,1.247,0.0012
elife,2,583,7.08,0.28713
the isme journal,1,,,
journal of uoeh,1,,,
zhong nan da xue xue bao. yi xue ban = journal of central south university. medical sciences,4,,,
microorganisms,5,1738,4.152,0.0034200000000000003
"chirurgia (bucharest, romania : 1990)",9,,,
bmc gastroenterology,19,4409,2.489,0.00834
zhonghua zhong liu za zhi [chinese journal of oncology],27,,,
"nutrition (burbank, los angeles county, calif.)",3,,,
gastroenterology research,1,,,
"lancet (london, england)",4,,,
journal of immunology research,3,2736,3.327,0.015430000000000001
alimentary pharmacology & therapeutics,9,519,7.515,0.03284
frontiers in public health,2,4423,2.483,0.01256
frontiers in public health,2,4423,2.483,0.01256
frontiers in immunology,6,1114,5.085,0.13308
frontiers in physiology,2,2671,3.367,0.0525
science translational medicine,2,129,16.304,0.11603
proceedings of the national academy of sciences of the united states of america,7,346,9.412,0.93189
occupational and environmental medicine,3,2059,3.824,0.01006
"food research international (ottawa, ont.)",2,,,
the new england journal of medicine,10,,,
arquivos brasileiros de cirurgia digestiva : abcd = brazilian archives of digestive surgery,8,,,
diseases of the esophagus : official journal of the international society for diseases of the esophagus,8,,,
zhonghua yu fang yi xue za zhi [chinese journal of preventive medicine],9,,,
computational biology and chemistry,2,6367,1.85,0.0029100000000000003
plos pathogens,2,744,6.218,0.09988999999999999
renal failure,1,5885,1.985,0.00439
pharmacological research,2,830,5.893,0.01909
west african journal of medicine,2,,,
journal of medicinal food,1,5898,1.981,0.00391
hepatobiliary surgery and nutrition,1,1035,5.296,0.00252
geriatrics & gerontology international,3,5761,2.022,0.00891
geriatrics & gerontology international,3,5761,2.022,0.00891
gan to kagaku ryoho. cancer & chemotherapy,162,,,
biochimica et biophysica acta. reviews on cancer,5,,,
research in veterinary science,1,6222,1.892,0.0058200000000000005
cancer letters,13,536,7.36,0.04445
european journal of surgical oncology : the journal of the european society of surgical oncology and the british association of surgical oncology,20,,,
gastroenterologia y hepatologia,5,7434,1.581,0.0008300000000000001
briefings in bioinformatics,2,374,8.99,0.01517
bmc medical informatics and decision making,2,4845,2.317,0.007370000000000001
combinatorial chemistry & high throughput screening,1,9062,1.195,0.0010199999999999999
critical reviews in oncology/hematology,4,,,
environmental research,1,891,5.715,0.03179
diagnostic cytopathology,6,8903,1.229,0.00285
cancer radiotherapie : journal de la societe francaise de radiotherapie oncologique,1,,,
ieee/acm transactions on computational biology and bioinformatics,1,,,
analytical chemistry,2,633,6.785,0.15463
mediators of inflammation,4,2129,3.758,0.02246
journal of clinical biochemistry and nutrition,1,4631,2.405,0.00247
computers in biology and medicine,1,2559,3.434,0.01066
pancreatology : official journal of the international association of pancreatology (iap) ... [et al.],1,,,
international journal of experimental pathology,2,7055,1.672,0.0011099999999999999
digestion,7,3903,2.692,0.00262
journal of investigative medicine high impact case reports,2,,,
zeitschrift fur gastroenterologie,16,8445,1.338,0.00124
physica medica : pm : an international journal devoted to the applications of physics to medicine and biology : official journal of the italian association of biomedical physics (aifb),1,,,
bio systems,1,,,
pharmaceutical statistics,1,8293,1.374,0.0026100000000000003
case reports in surgery,3,,,
journal of oncology,4,5177,2.206,0.0012
surgical pathology clinics,3,,,
therapeutische umschau. revue therapeutique,1,,,
current pharmaceutical biotechnology,2,5519,2.097,0.00282
cell & bioscience,1,,,
frontiers in microbiology,3,1664,4.235,0.15672
international journal of nanomedicine,9,1105,5.115,0.0282
international journal of biological sciences,6,1242,4.858,0.00971
ajr. american journal of roentgenology,3,,,
"mass spectrometry (tokyo, japan)",1,,,
"pathogens (basel, switzerland)",1,,,
molecular oncology,3,674,6.574,0.013819999999999999
naunyn-schmiedeberg's archives of pharmacology,1,,,
euroasian journal of hepato-gastroenterology,1,,,
yakugaku zasshi : journal of the pharmaceutical society of japan,2,,,
the american journal of gastroenterology,13,,,
the lancet. gastroenterology & hepatology,10,,,
thrombosis research,1,3499,2.869,0.01741
annals of the royal college of surgeons of england,4,8951,1.22,0.0033299999999999996
frontiers in neuroscience,1,2191,3.707,0.04965
"ortopedia, traumatologia, rehabilitacja",1,,,
blood,1,105,17.543,0.20531999999999997
asia-pacific journal of clinical oncology,6,5798,2.012,0.00296
"healthcare (basel, switzerland)",1,,,
heliyon,3,,,
transplantation proceedings,2,10712,0.784,0.0098
annals of epidemiology,1,4194,2.573,0.01008
journal of nanoscience and nanotechnology,1,9321,1.134,0.01383
asian pacific journal of cancer prevention : apjcp,20,,,
cancer treatment and research communications,2,,,
biology of sex differences,1,2825,3.267,0.00364
advanced drug delivery reviews,1,199,13.3,0.03317
plos medicine,2,291,10.5,0.06599
helicobacter,14,1889,4,0.0041
journal of cancer education : the official journal of the american association for cancer education,2,,,
current cancer drug targets,2,3418,2.912,0.00255
chemico-biological interactions,5,2175,3.723,0.01171
anz journal of surgery,2,8377,1.355,0.00518
reviews on environmental health,2,4560,2.429,0.00118
surgery,13,2686,3.356,0.02632
"journal of nuclear medicine : official publication, society of nuclear medicine",5,,,
human & experimental toxicology,3,5615,2.067,0.00302
strahlentherapie und onkologie : organ der deutschen rontgengesellschaft ... [et al],1,,,
journal of postgraduate medicine,1,9193,1.167,0.00086
jco global oncology,1,,,
journal of cancer research and clinical oncology,19,2267,3.656,0.01114
"medicina (kaunas, lithuania)",4,,,
international immunopharmacology,3,1946,3.943,0.01781
european journal of clinical nutrition,1,2790,3.291,0.01347
mutation research,2,,,
australian occupational therapy journal,1,9628,1.055,0.00135
epigenomics,4,1774,4.112,0.0076
chemmedchem,1,3036,3.124,0.0109
cell death discovery,1,1771,4.114,0.00413
journal of nippon medical school = nippon ika daigaku zasshi,4,,,
medical physics,2,2747,3.317,0.027280000000000002
arab journal of gastroenterology : the official publication of the pan-arab association of gastroenterology,2,,,
cardiovascular and interventional radiology,2,5724,2.034,0.00734
international journal of pharmaceutics,4,1251,4.845,0.03466
"drugs of today (barcelona, spain : 1998)",1,,,
esmo open,2,1017,5.329,0.00415
dna and cell biology,9,2936,3.191,0.0041
clinical and translational radiation oncology,2,,,
biomolecules,8,1802,4.082,0.00939
revista da associacao medica brasileira (1992),1,,,
environmental science and pollution research international,5,,,
purinergic signalling,1,3152,3.065,0.00235
gut pathogens,1,2816,3.274,0.00296
journal of controlled release : official journal of the controlled release society,2,,,
epidemiology and infection,3,5360,2.152,0.01732
the cochrane database of systematic reviews,3,,,
circulation journal : official journal of the japanese circulation society,1,,,
european archives of oto-rhino-laryngology : official journal of the european federation of oto-rhino-laryngological societies (eufos) : affiliated with the german society for oto-rhino-laryngology - head and neck surgery,1,,,
journal of epidemiology and community health,1,2708,3.342,0.01618
journal of epidemiology and community health,1,2708,3.342,0.01618
journal of surgical case reports,2,,,
zhongguo yi xue ke xue yuan xue bao. acta academiae medicinae sinicae,3,,,
"iranian journal of allergy, asthma, and immunology",2,,,
european journal of drug metabolism and pharmacokinetics,2,6128,1.913,0.00159
"internal medicine (tokyo, japan)",14,,,
bmj open gastroenterology,3,,,
international journal of health policy and management,1,2063,3.821,0.00486
international journal of health policy and management,1,2063,3.821,0.00486
revue medicale suisse,2,,,
clinical oral investigations,1,3648,2.812,0.011470000000000001
"molecules (basel, switzerland)",11,,,
molecular biology reports,7,8175,1.402,0.006670000000000001
cirugia espanola,9,8510,1.323,0.00109
journal of hepato-biliary-pancreatic sciences,3,1732,4.16,0.00564
terapevticheskii arkhiv,2,12166,0.409,0.00058
acs omega,1,3497,2.87,0.023219999999999998
surgery today,23,6268,1.878,0.00611
archives of biochemistry and biophysics,7,2619,3.391,0.01344
digestive diseases and sciences,22,3782,2.751,0.01948
"cell regeneration (london, england)",1,,,
acta scientific cancer biology,1,,,
saudi journal of medicine & medical sciences,1,,,
current computer-aided drug design,1,10106,0.935,0.00027
"journal of ayub medical college, abbottabad : jamc",2,,,
oncology reports,22,2584,3.417,0.029580000000000002
ecancermedicalscience,6,,,
digestive endoscopy : official journal of the japan gastroenterological endoscopy society,15,,,
der chirurg; zeitschrift fur alle gebiete der operativen medizen,13,,,
geospatial health,1,9545,1.078,0.00123
balkan medical journal,2,7624,1.533,0.0013
sheng li xue bao : [acta physiologica sinica],1,,,
"radiation oncology (london, england)",7,,,
nihon shokakibyo gakkai zasshi = the japanese journal of gastro-enterology,15,,,
journal of endodontics,1,3046,3.118,0.01228
clinics and research in hepatology and gastroenterology,3,3847,2.718,0.0036299999999999995
human cell,10,2526,3.463,0.0008699999999999999
biomedicine & pharmacotherapy = biomedecine & pharmacotherapie,27,,,
acta neurologica scandinavica,1,3916,2.684,0.0066099999999999996
clinical imaging,1,9415,1.109,0.00365
the journal of gene medicine,1,,,
inflammatory bowel diseases,1,1646,4.261,0.024909999999999998
"acta oncologica (stockholm, sweden)",3,,,
immunotargets and therapy,1,,,
cytojournal,1,10046,0.952,0.00042
cancer imaging : the official publication of the international cancer imaging society,3,,,
current opinion in oncology,1,2718,3.336,0.0037
archives of suicide research : official journal of the international academy for suicide research,1,,,
archives of iranian medicine,1,9869,0.996,0.00277
archives of toxicology,1,1129,5.059,0.01439
current microbiology,1,6766,1.746,0.00533
annales de pathologie,2,12202,0.394,0.00023999999999999998
virology,3,3628,2.819,0.023809999999999998
acta cytologica,1,8918,1.226,0.0014
"cancer communications (london, england)",12,,,
korean journal of radiology,1,2950,3.179,0.00449
oncology,16,4021,2.642,0.00375
the journal of biological chemistry,1,,,
"future oncology (london, england)",19,,,
kardiologiia,2,,,
chonnam medical journal,1,,,
world journal of surgery,19,5079,2.234,0.020909999999999998
"genes, chromosomes & cancer",3,,,
expert review of gastroenterology & hepatology,5,2450,3.514,0.0052
experimental and molecular pathology,6,4956,2.28,0.0044399999999999995
"foods (basel, switzerland)",2,,,
marine drugs,2,1818,4.073,0.01771
respiratory medicine case reports,1,,,
clinical & translational oncology : official publication of the federation of spanish oncology societies and of the national cancer institute of mexico,5,,,
anais brasileiros de dermatologia,1,9372,1.121,0.00394
zhonghua nei ke za zhi,6,,,
the febs journal,2,,,
hinyokika kiyo. acta urologica japonica,1,,,
"journal of environmental pathology, toxicology and oncology : official organ of the international society for environmental toxicology and cancer",2,,,
clinical case reports,1,,,
"colombia medica (cali, colombia)",1,,,
zhongguo ying yong sheng li xue za zhi = zhongguo yingyong shenglixue zazhi = chinese journal of applied physiology,2,,,
journal of veterinary science,1,7511,1.561,0.0020800000000000003
progress in molecular biology and translational science,1,1813,4.074,0.0059
journal of cancer research and therapeutics,8,8495,1.326,0.00479
journal of oral biosciences,1,,,
patient education and counseling,1,4107,2.607,0.01549
patient education and counseling,1,4107,2.607,0.01549
genome medicine,1,283,10.675,0.026510000000000002
international journal of oncology,12,1986,3.899,0.02105
cancer immunology research,4,396,8.728,0.026439999999999998
annual review of pharmacology and toxicology,1,259,11.25,0.00797
"chemistry (weinheim an der bergstrasse, germany)",1,,,
cancer causes & control : ccc,4,,,
practical radiation oncology,2,3359,2.948,0.0057799999999999995
epidemiology and psychiatric sciences,1,833,5.876,0.00477
epidemiology and psychiatric sciences,1,833,5.876,0.00477
klinicheskaia laboratornaia diagnostika,4,,,
zhongguo xue xi chong bing fang zhi za zhi = chinese journal of schistosomiasis control,1,,,
"antioxidants (basel, switzerland)",1,,,
trends in microbiology,2,191,13.546,0.02278
photodiagnosis and photodynamic therapy,2,3453,2.894,0.00385
journal of visualized experiments : jove,6,,,
scandinavian journal of gastroenterology,8,5418,2.13,0.00896
carcinogenesis,6,1415,4.603,0.01247
"methods (san diego, calif.)",1,,,
"rheumatology (oxford, england)",1,,,
current molecular medicine,1,7352,1.6,0.0028399999999999996
catheterization and cardiovascular interventions : official journal of the society for cardiac angiography & interventions,1,,,
digestive and liver disease : official journal of the italian society of gastroenterology and the italian association for the study of the liver,6,,,
fish & shellfish immunology,1,,,
journal of the american academy of dermatology,1,438,8.277,0.034839999999999996
annals of oncology : official journal of the european society for medical oncology,8,,,
life sciences in space research,1,4498,2.453,0.00135
"scandinavian journal of work, environment & health",1,,,
the surgical clinics of north america,9,,,
the journal of pathology. clinical research,3,,,
nanotoxicology,1,1201,4.925,0.006840000000000001
genetics in medicine : official journal of the american college of medical genetics,1,,,
cancer biology & therapy,1,2261,3.659,0.00778
aas open research,1,,,
"cancer immunology, immunotherapy : cii",7,,,
cancer treatment reviews,6,383,8.885,0.0178
radiotherapy and oncology : journal of the european society for therapeutic radiology and oncology,5,,,
topics in current chemistry (cham),1,,,
"european journal of cancer (oxford, england : 1990)",11,,,
"tidsskrift for den norske laegeforening : tidsskrift for praktisk medicin, ny raekke",1,,,
theranostics,13,405,8.579,0.02974
clinical rheumatology,1,4653,2.394,0.01366
journal of the egyptian national cancer institute,2,,,
current medicinal chemistry,1,1712,4.184,0.01296
hereditary cancer in clinical practice,1,5076,2.237,0.00074
"current oncology (toronto, ont.)",2,,,
nigerian journal of clinical practice,3,11367,0.634,0.0021
journal of hematology & oncology,2,271,11.059,0.01555
journal of cellular and molecular medicine,12,1489,4.486,0.01892
the american journal of the medical sciences,4,,,
surgical technology international,2,,,
the british journal of radiology,2,,,
bratislavske lekarske listy,2,,,
"apmis : acta pathologica, microbiologica, et immunologica scandinavica",1,,,
cutis,1,9755,1.022,0.0017699999999999999
"indian journal of nuclear medicine : ijnm : the official journal of the society of nuclear medicine, india",4,,,
the journal of allergy and clinical immunology. in practice,1,,,
journal of viral hepatitis,1,2388,3.561,0.009940000000000001
jama network open,5,1142,5.032,0.007659999999999999
zhen ci yan jiu = acupuncture research,2,,,
cancer research,11,326,9.727,0.11868
european review for medical and pharmacological sciences,40,3231,3.024,0.01882
the american journal of chinese medicine,1,,,
journal of the national cancer institute,3,,,
brazilian journal of medical and biological research = revista brasileira de pesquisas medicas e biologicas,5,,,
korean journal of family medicine,1,,,
the american journal of tropical medicine and hygiene,2,,,
polski przeglad chirurgiczny,1,,,
ieee journal of translational engineering in health and medicine,1,,,
clinical epidemiology,3,3362,2.942,0.01045
psycho-oncology,1,3263,3.006,0.01634
psycho-oncology,1,3263,3.006,0.01634
arkhiv patologii,4,,,
international archives of occupational and environmental health,2,6059,1.935,0.00361
journal of tissue engineering and regenerative medicine,1,3123,3.078,0.00924
pain research & management,1,5356,2.153,0.00292
prostaglandins & other lipid mediators,1,4945,2.283,0.00201
european journal of pharmaceutics and biopharmaceutics : official journal of arbeitsgemeinschaft fur pharmazeutische verfahrenstechnik e.v,1,,,
arquivos de gastroenterologia,5,,,
immunity,1,66,22.553,0.12404000000000001
the annals of thoracic surgery,7,,,
journal of epidemiology,1,2225,3.691,0.00596
postgraduate medicine,1,4472,2.464,0.00367
journal of b.u.on. : official journal of the balkan union of oncology,30,,,
advances in experimental medicine and biology,11,4507,2.45,0.03583
abdominal radiology (new york),2,,,
yeungnam university journal of medicine,4,,,
zhongguo zhen jiu = chinese acupuncture & moxibustion,3,,,
quantitative imaging in medicine and surgery,1,2886,3.226,0.0028
ge portuguese journal of gastroenterology,6,,,
translational gastroenterology and hepatology,4,,,
gynecologic oncology reports,1,,,
biomedical reports,1,,,
journal of global health,1,3442,2.899,0.00517
journal of global health,1,3442,2.899,0.00517
the canadian veterinary journal = la revue veterinaire canadienne,2,,,
journal of biomedical nanotechnology,2,1493,4.483,0.00588
the journal of clinical investigation,3,,,
japanese journal of radiology,4,8015,1.439,0.00185
cell stem cell,3,75,20.86,0.07816000000000001
georgian medical news,1,,,
journal of molecular histology,1,4287,2.531,0.00146
bmc medical genomics,2,4208,2.57,0.00644
rinsho shinkeigaku = clinical neurology,1,,,
journal of human genetics,2,3585,2.831,0.00785
thescientificworldjournal,1,,,
bioconjugate chemistry,2,1857,4.031,0.020309999999999998
journal of clinical and experimental hematopathology : jceh,1,,,
tissue & cell,1,6419,1.837,0.0016
the journal of surgical research,19,,,
"medical oncology (northwood, london, england)",3,,,
virchows archiv : an international journal of pathology,10,,,
united european gastroenterology journal,4,2405,3.549,0.00665
thoracic cancer,3,4101,2.61,0.00359
biomedicines,3,1322,4.717,0.00285
genome research,1,265,11.093,0.07694
zhongguo fei ai za zhi = chinese journal of lung cancer,1,,,
bjs open,1,,,
the american journal of pathology,1,,,
american journal of surgery,6,5433,2.125,0.0176
cancer chemotherapy and pharmacology,11,3329,2.967,0.011359999999999999
ejnmmi research,1,4026,2.64,0.00391
european journal of nuclear medicine and molecular imaging,3,582,7.081,0.02363
biological & pharmaceutical bulletin,2,6324,1.863,0.00678
analytical and bioanalytical chemistry,1,2298,3.637,0.03329
environment international,2,511,7.577,0.03784
journal of gastrointestinal and liver diseases : jgld,5,,,
frontiers in molecular biosciences,1,1707,4.188,0.00618
journal of research in medical sciences : the official journal of isfahan university of medical sciences,2,,,
pathology international,6,5482,2.11,0.00252
journal of medical genetics,3,1192,4.943,0.0151
current medical science,1,8704,1.273,0.0005
archives animal breeding,1,9877,0.991,0.0005099999999999999
oncology research and treatment,4,5953,1.967,0.00266
animal cells and systems,1,10220,0.907,0.00049
"journal of immunology (baltimore, md. : 1950)",1,,,
journal of visceral surgery,4,5798,2.012,0.0016300000000000002
journal of applied toxicology : jat,1,,,
sheng wu gong cheng xue bao = chinese journal of biotechnology,2,,,
american journal of clinical pathology,3,5533,2.094,0.0070799999999999995
journal of infection in developing countries,2,11065,0.703,0.0038299999999999996
dna repair,2,2713,3.339,0.011859999999999999
the korean journal of physiology & pharmacology : official journal of the korean physiological society and the korean society of pharmacology,1,,,
the international journal of biochemistry & cell biology,2,,,
veterinary and comparative oncology,1,6757,1.749,0.00229
the lancet. digital health,1,,,
journal of medical internet research,1,1139,5.034,0.029410000000000002
food & function,1,1721,4.171,0.02097
oncogene,7,464,7.971,0.06832
journal of medical biography,1,,,
molecular immunology,1,2289,3.641,0.01384
plos computational biology,1,1337,4.7,0.08457
military medical research,1,4820,2.325,0.001
cancer control : journal of the moffitt cancer center,3,,,
molecular pharmaceutics,2,1602,4.321,0.026080000000000002
jop : journal of the pancreas,1,,,
nature reviews. gastroenterology & hepatology,1,,,
"materials (basel, switzerland)",2,,,
jama surgery,11,186,13.625,0.03828
future medicinal chemistry,2,2338,3.607,0.00692
diabetes & metabolism,1,1312,4.731,0.00417
advances in medical sciences,1,4208,2.57,0.00164
analytical cellular pathology (amsterdam),4,,,
annals of occupational and environmental medicine,1,,,
disease markers,21,3816,2.738,0.00665
radiology and oncology,3,6766,1.746,0.00149
talanta,2,1012,5.339,0.0478
the journal of physiological sciences : jps,1,,,
neoplasma,8,6865,1.721,0.00263
bulletin du cancer,4,10209,0.912,0.00121
journal of oncology pharmacy practice : official publication of the international society of oncology pharmacy practitioners,2,,,
"digestive diseases (basel, switzerland)",5,,,
cold spring harbor molecular case studies,1,,,
phytotherapy research : ptr,3,,,
medicine and science in sports and exercise,2,1858,4.029,0.02882
journal of the american college of cardiology,1,80,20.589,0.19028
jgh open : an open access journal of gastroenterology and hepatology,1,,,
"artificial cells, nanomedicine, and biotechnology",10,,,
clinical & experimental metastasis,2,3224,3.027,0.0032700000000000003
radiologia brasileira,1,,,
international journal of gynecological pathology : official journal of the international society of gynecological pathologists,1,,,
cellular & molecular biology letters,2,2536,3.451,0.00159
clinical chemistry,1,547,7.292,0.02029
general physiology and biophysics,1,9568,1.07,0.0008900000000000001
journal of experimental & clinical cancer research : cr,16,,,
"the annals of otology, rhinology, and laryngology",1,,,
acta medica (hradec kralove),1,,,
osteoporosis international : a journal established as result of cooperation between the european foundation for osteoporosis and the national osteoporosis foundation of the usa,1,,,
biochemical and biophysical research communications,20,3301,2.985,0.07509
canadian journal of surgery. journal canadien de chirurgie,1,,,
indian journal of pathology & microbiology,7,,,
journal of thoracic disease,6,5684,2.046,0.0224
journal of environmental health science & engineering,1,,,
journal of medical virology,2,5767,2.021,0.01009
ja clinical reports,1,,,
nature,1,15,42.778,1.2167299999999999
cancer discovery,3,42,29.497,0.06928
epidemiology and health,1,,,
zhonghua gan zang bing za zhi = zhonghua ganzangbing zazhi = chinese journal of hepatology,2,,,
bioscience trends,1,7534,1.553,0.00193
endocrine-related cancer,2,1279,4.8,0.00993
revista do colegio brasileiro de cirurgioes,2,,,
journal of the american college of nutrition,1,4903,2.297,0.0025800000000000003
molecular medicine reports,21,5511,2.1,0.03991
journal of the chinese medical association : jcma,1,,,
current opinion in microbiology,2,453,8.134,0.02061
current medical imaging reviews,1,,,
il giornale di chirurgia,3,,,
journal of medical microbiology,1,5347,2.156,0.00886
chinese clinical oncology,1,,,
rheumatology international,1,5889,1.984,0.00857
regulatory toxicology and pharmacology : rtp,1,,,
indian journal of gastroenterology : official journal of the indian society of gastroenterology,4,,,
bmc nephrology,1,6128,1.913,0.011470000000000001
"vascular medicine (london, england)",1,,,
"cancer prevention research (philadelphia, pa.)",4,,,
febs open bio,3,5085,2.231,0.00477
molecular carcinogenesis,4,2057,3.825,0.00813
archives of pharmacal research,1,3378,2.934,0.0048
"pediatric gastroenterology, hepatology & nutrition",1,,,
przeglad gastroenterologiczny,1,,,
bone,2,1746,4.147,0.02259
"surgical laparoscopy, endoscopy & percutaneous techniques",4,,,
histopathology,9,2315,3.626,0.01193
pathogens and disease,2,5311,2.166,0.00504
the embo journal,1,,,
the tohoku journal of experimental medicine,2,,,
the american journal of clinical nutrition,2,,,
accounts of chemical research,1,78,20.832,0.12197000000000001
journal of preventive medicine and hygiene,1,,,
medical science monitor : international medical journal of experimental and clinical research,22,,,
cancer genetics,4,3067,3.105,0.00285
seminars in cancer biology,2,267,11.09,0.011729999999999999
the journal of thoracic and cardiovascular surgery,1,,,
bmc endocrine disorders,1,5854,1.994,0.0033799999999999998
food and chemical toxicology : an international journal published for the british industrial biological research association,2,,,
pharmaceutical biology,1,3323,2.971,0.006520000000000001
biochemical pharmacology,4,1182,4.96,0.02077
"clinical immunology (orlando, fla.)",1,,,
"journal of photochemistry and photobiology. b, biology",5,,,
international cancer conference journal,2,,,
annual international conference of the ieee engineering in medicine and biology society. ieee engineering in medicine and biology society. annual international conference,1,,,
the new zealand medical journal,2,,,
annals of the new york academy of sciences,2,1313,4.728,0.026369999999999998
nursing & health sciences,1,8727,1.269,0.00176
nursing & health sciences,1,8727,1.269,0.00176
radiation protection dosimetry,1,10772,0.773,0.0048200000000000005
world journal of gastrointestinal endoscopy,2,,,
american journal of physiology. cell physiology,1,,,
genetic testing and molecular biomarkers,1,8410,1.346,0.00224
the national medical journal of india,1,,,
cancer health disparities,1,,,
revista espanola de patologia : publicacion oficial de la sociedad espanola de anatomia patologica y de la sociedad espanola de citologia,2,,,
"saudi journal of kidney diseases and transplantation : an official publication of the saudi center for organ transplantation, saudi arabia",1,,,
therapeutics and clinical risk management,1,6237,1.888,0.00619
the turkish journal of pediatrics,1,,,
oxidative medicine and cellular longevity,2,1118,5.076,0.029410000000000002
mymensingh medical journal : mmj,1,,,
journal of pediatric hematology/oncology,1,,,
acta biochimica et biophysica sinica,3,3566,2.836,0.00484
wiener klinische wochenschrift,1,8510,1.323,0.00244
recenti progressi in medicina,2,,,
journal of population therapeutics and clinical pharmacology = journal de la therapeutique des populations et de la pharmacologie clinique,1,,,
faseb journal : official publication of the federation of american societies for experimental biology,2,,,
journal of obesity & metabolic syndrome,1,,,
the international journal of health planning and management,1,,,
ebiomedicine,6,883,5.736,0.029330000000000002
bioorganic chemistry,4,1260,4.831,0.00673
zhejiang da xue xue bao. yi xue ban = journal of zhejiang university. medical sciences,2,,,
nanoscale research letters,1,2361,3.581,0.02121
medical molecular morphology,1,4560,2.429,0.00075
journal of avian medicine and surgery,1,11981,0.47,0.0004
aging clinical and experimental research,1,3893,2.697,0.005679999999999999
journal of environmental sciences (china),1,,,
antioxidants & redox signaling,1,726,6.323,0.024659999999999998
world journal of clinical oncology,2,,,
journal of applied clinical medical physics,4,7031,1.679,0.00535
journal of physiology and pharmacology : an official journal of the polish physiological society,3,,,
bmc bioinformatics,3,2859,3.242,0.04585
journal of fish biology,1,7802,1.495,0.00937
hormones & cancer,1,4545,2.437,0.00132
human pathology,5,3820,2.735,0.01408
cancer genomics & proteomics,1,2805,3.28,0.00149
bmc molecular and cell biology,1,12838,Not Available,0.0
"cellular and molecular biology (noisy-le-grand, france)",2,,,
salud publica de mexico,1,7171,1.647,0.00185
the kaohsiung journal of medical sciences,3,,,
chinese medical journal,3,7418,1.585,0.00975
toxicology and applied pharmacology,2,2702,3.347,0.013619999999999998
health and quality of life outcomes,1,4777,2.344,0.01098
health and quality of life outcomes,1,4777,2.344,0.01098
journal of pharmaceutical and biomedical analysis,1,2921,3.209,0.02231
the turkish journal of gastroenterology : the official journal of turkish society of gastroenterology,7,,,
international journal of clinical pharmacology and therapeutics,2,10120,0.931,0.00168
journal of epidemiology and global health,1,5192,2.2,0.00123
journal of epidemiology and global health,1,5192,2.2,0.00123
clinical laboratory,7,10082,0.94,0.0035
nagoya journal of medical science,4,10831,0.762,0.0009
deutsche medizinische wochenschrift (1946),3,,,
annals of nutrition & metabolism,1,,,
nigerian medical journal : journal of the nigeria medical association,1,,,
current medical research and opinion,1,4984,2.271,0.00908
folia histochemica et cytobiologica,1,10427,0.854,0.00049
molecular therapy. nucleic acids,1,,,
revista de gastroenterologia de mexico,1,,,
genes & genomics,2,9087,1.188,0.00146
irish journal of medical science,1,9463,1.1,0.00231
bmc complementary and alternative medicine,2,3573,2.833,0.01459
cell biology international,2,4203,2.571,0.00468
genome biology,1,278,10.806,0.13397
european journal of cancer care,1,5327,2.161,0.00598
european journal of cancer care,1,5327,2.161,0.00598
journal of infection and chemotherapy : official journal of the japan society of chemotherapy,1,,,
international journal of biological macromolecules,3,1084,5.162,0.05724
acta clinica croatica,1,11769,0.532,0.00072
"medical archives (sarajevo, bosnia and herzegovina)",1,,,
european journal of oncology nursing : the official journal of european oncology nursing society,3,,,
toxicology letters,2,2381,3.569,0.0132
american journal of hematology,1,605,6.973,0.02308
journal of clinical oncology : official journal of the american society of clinical oncology,3,,,
caspian journal of internal medicine,1,,,
annals of nuclear medicine,3,4107,2.607,0.00281
south asian journal of cancer,1,,,
"dalton transactions (cambridge, england : 2003)",1,,,
the analyst,2,,,
revista da escola de enfermagem da u s p,1,,,
pleura and peritoneum,1,,,
zhonghua er bi yan hou tou jing wai ke za zhi = chinese journal of otorhinolaryngology head and neck surgery,2,,,
bmc oral health,1,6136,1.911,0.0057399999999999994
zentralblatt fur chirurgie,2,10965,0.73,0.00037
journal of geriatric oncology,2,3766,2.761,0.00439
orvosi hetilap,1,11893,0.497,0.0007099999999999999
value in health regional issues,1,,,
journal of healthcare engineering,1,6559,1.803,0.0016899999999999999
facial plastic surgery clinics of north america,1,7575,1.543,0.00131
"einstein (sao paulo, brazil)",1,,,
contrast media & molecular imaging,1,6301,1.872,0.00223
journal of clinical laboratory analysis,4,7588,1.54,0.0033799999999999998
current treatment options in gastroenterology,1,,,
journal of cardiothoracic surgery,1,7748,1.506,0.00421
deutsches arzteblatt international,1,1281,4.796,0.007379999999999999
the tokai journal of experimental and clinical medicine,1,,,
applied microbiology and biotechnology,2,2429,3.53,0.04372
annals of ibadan postgraduate medicine,1,,,
clinical biochemistry,1,4194,2.573,0.00952
academic radiology,2,4414,2.488,0.008620000000000001
expert opinion on pharmacotherapy,1,3486,2.878,0.00787
oral diseases,1,4094,2.613,0.0050799999999999994
lipids in health and disease,1,3430,2.906,0.00883
liver international : official journal of the international association for the study of the liver,1,,,
british journal of cancer,8,865,5.791,0.05156
magnetic resonance imaging clinics of north america,1,7579,1.542,0.00119
human genomics,3,2697,3.351,0.0028399999999999996
toxins,2,2427,3.531,0.01726
toxicology in vitro : an international journal published in association with bibra,3,,,
rofo : fortschritte auf dem gebiete der rontgenstrahlen und der nuklearmedizin,1,,,
chirality,1,5289,2.171,0.00259
plos genetics,1,1079,5.174,0.11425
journal of basic and clinical physiology and pharmacology,1,,,
"journal of microbiology, immunology, and infection = wei mian yu gan ran za zhi",1,,,
"journal of veterinary diagnostic investigation : official publication of the american association of veterinary laboratory diagnosticians, inc",1,,,
genes,1,2125,3.759,0.01729
the brazilian journal of infectious diseases : an official publication of the brazilian society of infectious diseases,1,,,
jnci cancer spectrum,1,,,
cell biochemistry and function,3,4045,2.632,0.0021100000000000003
clinica chimica acta; international journal of clinical chemistry,3,,,
the journal of steroid biochemistry and molecular biology,1,,,
"journal of chemotherapy (florence, italy)",2,,,
systematic reviews,1,4435,2.479,0.01905
bmc genomics,1,2349,3.594,0.08642999999999999
european surgical research. europaische chirurgische forschung. recherches chirurgicales europeennes,1,,,
current gastroenterology reports,1,,,
revista espanola de enfermedades digestivas : organo oficial de la sociedad espanola de patologia digestiva,6,,,
pharmacoepidemiology and drug safety,1,3410,2.918,0.01056
cell proliferation,5,876,5.753,0.0042899999999999995
infection and immunity,2,2925,3.201,0.02705
proteomics. clinical applications,1,,,
nature protocols,1,296,10.419,0.06798
cancer biotherapy & radiopharmaceuticals,4,,,
therapeutic advances in gastroenterology,1,2442,3.52,0.00346
annals of gastroenterology,1,,,
pharmaceutical research,1,2859,3.242,0.01236
american journal of clinical oncology,2,,,
"drug design, development and therapy",3,,,
european journal of gastroenterology & hepatology,5,5030,2.251,0.00843
clinical journal of sport medicine : official journal of the canadian academy of sport medicine,1,,,
plos neglected tropical diseases,1,1998,3.885,0.07171
clinical nutrition espen,1,,,
iranian biomedical journal,3,,,
journal of medical systems,1,3168,3.058,0.00705
clinical cancer research : an official journal of the american association for cancer research,3,,,
clinical epigenetics,2,1143,5.028,0.01064
journal of medical case reports,5,,,
bmc evolutionary biology,1,3168,3.058,0.01896
journal of pathology and translational medicine,1,,,
international journal of medical sciences,4,4309,2.523,0.00551
biochimica et biophysica acta. molecular cell research,1,,,
the international journal of biological markers,1,,,
expert review of anticancer therapy,3,2374,3.573,0.00466
biological trace element research,1,4027,2.639,0.007659999999999999
cellular and molecular life sciences : cmls,2,,,
romanian journal of morphology and embryology = revue roumaine de morphologie et embryologie,1,,,
journal of drug assessment,1,,,
proceedings (baylor university. medical center),1,,,
the journal of medical investigation : jmi,1,,,
journal of the american college of surgeons,2,1421,4.59,0.02613
nuclear medicine and biology,1,4649,2.396,0.0033399999999999997
"acta radiologica (stockholm, sweden : 1987)",1,,,
oncotarget,2,,,
the journal of experimental medicine,1,,,
journal of translational medicine,4,1763,4.124,0.0221
kidney research and clinical practice,1,,,
journal of x-ray science and technology,1,8424,1.342,0.00084
cancer biomarkers : section a of disease markers,11,,,
journal for immunotherapy of cancer,4,317,9.913,0.016030000000000003
minerva medica,2,3214,3.031,0.00093
cytokine,2,3351,2.952,0.014159999999999999
health & place,1,2791,3.29,0.00987
health & place,1,2791,3.29,0.00987
der anaesthesist,1,,,
current drug delivery,1,7430,1.582,0.0017100000000000001
journal of robotic surgery,1,,,
"bioscience, biotechnology, and biochemistry",3,,,
annual review of physiology,1,91,19.556,0.010190000000000001
journal of biophotonics,1,3213,3.032,0.00793
anti-cancer drugs,5,5008,2.26,0.0032600000000000003
"nanomedicine (london, england)",2,,,
"journal of insurance medicine (new york, n.y.)",1,,,
indian journal of cancer,3,10810,0.765,0.0019
rna biology,1,1008,5.35,0.015819999999999997
embo molecular medicine,1,387,8.821,0.02277
journal of biochemistry,1,4450,2.476,0.00443
biomedical chromatography : bmc,1,,,
immunology,1,1152,5.016,0.01259
medwave,1,,,
molecular diagnosis & therapy,1,2640,3.38,0.0022199999999999998
the gulf journal of oncology,1,,,
expert review of anti-infective therapy,1,2117,3.767,0.006999999999999999
"british journal of hospital medicine (london, england : 2005)",1,,,
journal of neurogastroenterology and motility,1,3258,3.008,0.00294
urology,1,6100,1.924,0.0183
international journal of medical microbiology : ijmm,1,,,
analytica chimica acta,1,813,5.977,0.04297
aana journal,1,,,
canadian journal of gastroenterology & hepatology,5,,,
tobacco induced diseases,1,8035,1.434,0.00164
tobacco induced diseases,1,8035,1.434,0.00164
european journal of medicinal chemistry,4,926,5.572,0.04306
ciencia & saude coletiva,2,9768,1.019,0.00498
european journal of pharmacology,3,2831,3.263,0.02607
laboratory investigation; a journal of technical methods and pathology,2,,,
environmental and molecular mutagenesis,1,3025,3.131,0.0028399999999999996
anti-cancer agents in medicinal chemistry,3,5675,2.049,0.00405
cancer biology & medicine,2,973,5.432,0.00364
american journal of preventive medicine,1,1531,4.42,0.04018
american journal of preventive medicine,1,1531,4.42,0.04018
thoracic surgery clinics,1,8665,1.282,0.00155
respiration; international review of thoracic diseases,1,,,
"presse medicale (paris, france : 1983)",3,,,
jama oncology,1,59,24.799,0.06465
pakistan journal of pharmaceutical sciences,1,11640,0.562,0.00234
open biology,2,1199,4.931,0.009590000000000001
colorectal disease : the official journal of the association of coloproctology of great britain and ireland,2,,,
"biodrugs : clinical immunotherapeutics, biopharmaceuticals and gene therapy",2,,,
"acta dermatovenerologica alpina, pannonica, et adriatica",1,,,
journal of genetics,1,9872,0.993,0.00213
peptides,1,3553,2.843,0.006999999999999999
obstetrics & gynecology science,1,,,
redox biology,1,312,9.986,0.023809999999999998
la tunisie medicale,1,,,
nihon eiseigaku zasshi. japanese journal of hygiene,1,,,
iranian journal of pathology,1,,,
"clinical medicine (london, england)",1,,,
sexual medicine,1,6102,1.923,0.00108
biomedica : revista del instituto nacional de salud,2,,,
acta obstetricia et gynecologica scandinavica,1,3743,2.77,0.00954
the new microbiologica,1,,,
disability and rehabilitation,1,5109,2.222,0.01281
disability and rehabilitation,1,5109,2.222,0.01281
journal of pediatric surgery,1,6105,1.919,0.014190000000000001
cell,1,22,38.637,0.56497
transactions of the american clinical and climatological association,1,,,
der radiologe,1,,,
bmj (clinical research ed.),1,,,
chest,1,432,8.308,0.04662
biochimie,1,2589,3.413,0.01241
expert opinion on biological therapy,2,2890,3.224,0.0063100000000000005
european journal of public health,1,4660,2.391,0.01312
european journal of public health,1,4660,2.391,0.01312
nature medicine,2,24,36.13,0.16873
mathematical biosciences and engineering : mbe,1,,,
epidemiologic reviews,1,451,8.16,0.0030399999999999997
clinical interventions in aging,1,3233,3.023,0.011909999999999999
clinical oncology (royal college of radiologists (great britain)),2,,,
journal of the european academy of dermatology and venereology : jeadv,1,,,
cellular oncology (dordrecht),1,,,
biology of blood and marrow transplantation : journal of the american society for blood and marrow transplantation,1,,,
journal of computer assisted tomography,2,8654,1.285,0.00359
"advanced materials (deerfield beach, fla.)",1,,,
medicina,1,,,
cancer metastasis reviews,1,,,
journal of cellular biochemistry,21,1662,4.237,0.019780000000000002
molecular cancer therapeutics,3,916,5.615,0.028689999999999997
cancer investigation,2,4645,2.398,0.00183
journal of global oncology,4,,,
nutricion hospitalaria,1,10294,0.888,0.004520000000000001
molecular and cellular biochemistry,2,3685,2.795,0.01042
virus research,1,3378,2.934,0.01399
current diabetes reports,1,2229,3.686,0.01053
annals of clinical and laboratory science,1,10138,0.927,0.00146
journal of hepatology,1,81,20.582,0.08202000000000001
international journal of endocrinology,1,4898,2.299,0.007240000000000001
asia pacific journal of clinical nutrition,1,8871,1.236,0.00282
parasites & vectors,1,3615,2.824,0.036739999999999995
thrombosis and haemostasis,1,1563,4.379,0.020569999999999998
iranian journal of biotechnology,1,9954,0.973,0.00033
journal of nepal health research council,1,,,
experimental and therapeutic medicine,1,6628,1.785,0.022340000000000002
experimental & molecular medicine,2,,,
expert review of molecular diagnostics,1,1789,4.096,0.006
"lin chuang er bi yan hou tou jing wai ke za zhi = journal of clinical otorhinolaryngology, head, and neck surgery",1,,,
gastrointestinal endoscopy clinics of north america,1,,,
"cell cycle (georgetown, tex.)",3,,,
pediatric blood & cancer,1,4744,2.355,0.02344
la radiologia medica,1,,,
the malaysian journal of pathology,2,,,
journal of bacteriology,2,3266,3.004,0.02362
pancreas,1,3407,2.92,0.00943
saudi medical journal,1,9062,1.195,0.00305
"colloids and surfaces. b, biointerfaces",3,,,
journal of the american chemical society,1,164,14.612,0.62883
molecular cancer research : mcr,2,,,
molecular therapy : the journal of the american society of gene therapy,1,,,
journal of clinical gastroenterology,1,3321,2.973,0.009290000000000001
advances in clinical and experimental medicine : official organ wroclaw medical university,1,,,
tuberkuloz ve toraks,1,,,
clinics of oncology,1,,,
scottish medical journal,2,11746,0.537,0.00041
nutrition and cancer,6,,,
the international journal of medical robotics + computer assisted surgery : mrcas,2,,,
journal of cancer survivorship : research and practice,1,,,
indian journal of clinical biochemistry : ijcb,1,,,
jci insight,1,747,6.205,0.0344
"obesity (silver spring, md.)",1,,,
journal of atherosclerosis and thrombosis,1,2006,3.876,0.00519
clinical radiology,1,5454,2.118,0.00792
chemosphere,1,868,5.778,0.09031
pediatrics,1,1002,5.359,0.09677999999999999
revue medicale de liege,1,,,
cell transplantation,1,2710,3.341,0.0077599999999999995
interactive cardiovascular and thoracic surgery,1,7044,1.675,0.00911
journal of comparative effectiveness research,1,7916,1.468,0.0018100000000000002
statistics in medicine,1,6631,1.783,0.02926
journal of food biochemistry,1,7099,1.662,0.0018100000000000002
journal of biomedical informatics,1,2436,3.526,0.01119
"materials science & engineering. c, materials for biological applications",2,,,
"diagnostic and interventional radiology (ankara, turkey)",1,,,
the annals of pharmacotherapy,1,,,
journal of trace elements in medicine and biology : organ of the society for minerals and trace elements (gms),1,,,
"clinical biomechanics (bristol, avon)",1,,,
emerging microbes & infections,1,869,5.776,0.00974
molecular biology of the cell,1,2096,3.791,0.03671
advances in therapy,1,2012,3.871,0.00735
"clinical trials (london, england)",1,,,
microbial pathogenesis,2,3415,2.914,0.01158
ceska gynekologie,1,,,
turkish journal of medical sciences,2,11008,0.717,0.00271
endocrine pathology,1,2970,3.168,0.00182
international journal of food sciences and nutrition,2,2496,3.483,0.004070000000000001
environmental toxicology,1,3046,3.118,0.00472
drugs,1,753,6.189,0.014190000000000001
acta chirurgica belgica,1,10639,0.803,0.0007599999999999999
human gene therapy. clinical development,1,,,
medicinal chemistry (shariqah (united arab emirates)),1,,,
journal of cellular physiology,8,935,5.546,0.02429
bmc research notes,1,,,
immunotherapy,2,3335,2.964,0.00534
trials,3,6249,1.883,0.03077
diabetes care,1,137,16.019,0.08786000000000001
epidemiologia e prevenzione,2,,,
journal of physiology and biochemistry,1,3351,2.952,0.00234
veterinary surgery : vs,2,,,
scandinavian journal of surgery : sjs : official organ for the finnish surgical society and the scandinavian surgical society,1,,,
cell calcium,1,1228,4.874,0.007109999999999999
journal of nanobiotechnology,1,684,6.518,0.0059
"neoplasia (new york, n.y.)",2,,,
endokrynologia polska,1,8514,1.322,0.0010400000000000001
molecular genetics & genomic medicine,3,5851,1.995,0.00375
familial cancer,1,6714,1.76,0.0031100000000000004
bmc microbiology,1,3293,2.989,0.01519
cell reports,2,455,8.109,0.25514000000000003
mikrochimica acta,1,,,
international journal of immunopathology and pharmacology,1,5169,2.209,0.0019
blood advances,1,1423,4.584,0.01593
experimental oncology,1,,,
cellular signalling,1,1923,3.968,0.01455
jama internal medicine,1,97,18.652,0.08617999999999999
journal of health & pollution,1,,,
the journal of international advanced otology,1,,,
bioorganic & medicinal chemistry letters,2,4200,2.572,0.029830000000000002
clinical endocrinology,1,2640,3.38,0.014580000000000001
avian diseases,1,7401,1.59,0.00205
the journal of histochemistry and cytochemistry : official journal of the histochemistry society,1,,,
"biomarkers : biochemical indicators of exposure, response, and susceptibility to chemicals",2,,,
basic & clinical pharmacology & toxicology,1,3993,2.651,0.00563
journal of natural medicines,2,5652,2.055,0.00198
cancer gene therapy,1,1457,4.534,0.00286
"experimental biology and medicine (maywood, n.j.)",2,,,
british journal of haematology,1,950,5.518,0.03313
journal of gastroenterology,2,765,6.132,0.01054
current oncology reports,1,2051,3.828,0.00447
nature cell biology,1,86,20.042,0.07722000000000001
bmb reports,1,2971,3.167,0.0048
"anxiety, stress, and coping",1,,,
journal of computational biology : a journal of computational molecular cell biology,1,,,
cell stress,1,,,
the pan african medical journal,1,,,
preventive medicine,4,2100,3.788,0.030080000000000003
"oncology (williston park, n.y.)",1,,,
hua xi kou qiang yi xue za zhi = huaxi kouqiang yixue zazhi = west china journal of stomatology,1,,,
gastroenterology report,1,3339,2.96,0.00213
iranian journal of basic medical sciences,2,5382,2.146,0.0034700000000000004
molecular imaging and biology,1,3395,2.925,0.00514
beijing da xue xue bao. yi xue ban = journal of peking university. health sciences,1,,,
acta haematologica,1,9053,1.196,0.00144
ieee transactions on nanobioscience,1,3691,2.791,0.0037700000000000003
journal of biomaterials applications,1,5121,2.22,0.0033399999999999997
journal of radiological protection : official journal of the society for radiological protection,1,,,
biosensors & bioelectronics,1,301,10.257,0.08592999999999999
nature reviews. immunology,1,,,
jpma. the journal of the pakistan medical association,1,,,
biomolecular concepts,2,,,
minimally invasive therapy & allied technologies : mitat : official journal of the society for minimally invasive therapy,1,,,
journal of materials science. materials in medicine,1,,,
bmc anesthesiology,1,6970,1.695,0.00525
hong kong medical journal = xianggang yi xue za zhi,1,,,
acta anaesthesiologica scandinavica,1,5664,2.05,0.006490000000000001
journal of biosciences,1,7180,1.645,0.00207
annals of hematology,1,3434,2.904,0.01075
hormone and metabolic research = hormon- und stoffwechselforschung = hormones et metabolisme,1,,,
"infection, genetics and evolution : journal of molecular epidemiology and evolutionary genetics in infectious diseases",1,,,
archives of pathology & laboratory medicine,2,1792,4.094,0.01288
fukushima journal of medical science,1,,,
journal of preventive medicine and public health = yebang uihakhoe chi,1,,,
fitoterapia,2,4299,2.527,0.008020000000000001
radiology,1,470,7.931,0.05712999999999999
research in pharmaceutical sciences,1,,,
cardiology in the young,1,9815,1,0.00466
european urology oncology,1,,,
"plant foods for human nutrition (dordrecht, netherlands)",1,,,
journal of clinical neuroscience : official journal of the neurosurgical society of australasia,1,,,
european journal of epidemiology,1,571,7.135,0.01945
journal of molecular biology,1,1299,4.76,0.04033
current treatment options in oncology,1,1982,3.9,0.00358
cadernos de saude publica,1,8146,1.408,0.00575
cadernos de saude publica,1,8146,1.408,0.00575
in vitro cellular & developmental biology. animal,1,,,
frontiers in bioscience (landmark edition),1,,,
proteins,1,,,
public health nutrition,1,2947,3.182,0.02071
minerva anestesiologica,1,4388,2.498,0.00386
current topics in microbiology and immunology,7,3093,3.095,0.00881
case reports in gastroenterology,2,,,
international journal of molecular medicine,1,3087,3.098,0.017669999999999998
journal of ultrasound in medicine : official journal of the american institute of ultrasound in medicine,1,,,
european journal of clinical microbiology & infectious diseases : official publication of the european society of clinical microbiology,1,,,
polish archives of internal medicine,1,,,
nature microbiology,1,143,15.54,0.04152
sichuan da xue xue bao. yi xue ban = journal of sichuan university. medical science edition,2,,,
journal of cardiothoracic and vascular anesthesia,1,5015,2.258,0.00731
american society of clinical oncology educational book. american society of clinical oncology. annual meeting,2,,,
immunological investigations,1,4338,2.511,0.0017399999999999998
journal of toxicologic pathology,1,7889,1.476,0.00078
"journal of alternative and complementary medicine (new york, n.y.)",1,,,
acta bio-medica : atenei parmensis,1,,,
molecules and cells,1,1806,4.081,0.00734
drug discoveries & therapeutics,1,,,
annales d'endocrinologie,2,,,
febs letters,1,3172,3.057,0.03035
pediatric and developmental pathology : the official journal of the society for pediatric pathology and the paediatric pathology society,1,,,
journal of diabetes,1,2805,3.28,0.004529999999999999
cleveland clinic journal of medicine,1,7540,1.552,0.0015400000000000001
journal of medical economics,1,5983,1.958,0.0047799999999999995
american journal of epidemiology,1,1464,4.526,0.03483
revista de investigacion clinica; organo del hospital de enfermedades de la nutricion,1,,,
pathology oncology research : por,2,,,
journal of environmental management,1,908,5.647,0.04526
journal of labelled compounds & radiopharmaceuticals,1,6531,1.809,0.00183
plos biology,1,584,7.076,0.0603
archives of craniofacial surgery,1,,,
bmc neurology,1,4740,2.356,0.01171
protein & cell,1,308,10.164,0.00997
cytopathology : official journal of the british society for clinical cytology,1,,,
translational research : the journal of laboratory and clinical medicine,1,,,
bulletin of experimental biology and medicine,1,10758,0.775,0.0022600000000000003
journal of drug targeting,1,2640,3.38,0.00312
nmc case report journal,1,,,
jmir mhealth and uhealth,1,1607,4.313,0.010020000000000001
ayu,1,,,
